"Year","LGA","Garbage","Population","Garbage_per_person"
"2002","Alpine",2343,12655,185.144211774002
"2002","Ararat",3434.24,11566,296.925471208715
"2002","Ballarat",16000,83168,192.381685263563
"2002","Banyule",19134,117559,162.760826478619
"2002","Bass Coast",5087,25809,197.101786198613
"2002","Baw Baw",8388,35990,233.064740205613
"2002","Bayside",22180,88717,250.008453847628
"2002","Boroondara",38107,156886,242.896115650855
"2002","Brimbank",41550,168499,246.589000528193
"2002","Buloke",1776,7171,247.664203040022
"2002","Campaspe",12788,36247,352.801611167821
"2002","Cardinia",8600,47840,179.765886287625
"2002","Casey",38533,188914,203.971119133574
"2002","Central Goldfields",2470,12835,192.442539929879
"2002","Colac Otway",2800,20689,135.337619024602
"2002","Corangamite",2160,17232,125.348189415042
"2002","Darebin",27180,127359,213.412479683415
"2002","East Gippsland",8503.2998,39112,217.408974227858
"2002","Frankston",18495,114262,161.864836953668
"2002","Gannawarra",2465,11783,209.199694475091
"2002","Glen Eira",41249,123197,334.821464808396
"2002","Glenelg",1571.4,20065,78.3154747072016
"2002","Golden Plains",3800,15119,251.339374297242
"2002","Greater Bendigo",26075,90176,289.156760113556
"2002","Greater Dandenong",31822,127336,249.905761135892
"2002","Greater Geelong",51426,194713,264.111795308993
"2002","Greater Shepparton",16667,57996,287.381888406097
"2002","Hepburn",2730,14192,192.361894024803
"2002","Hindmarsh",1017.6,6452,157.718536887787
"2002","Hobsons Bay",19822.8203,83124,238.472887493383
"2002","Horsham",5190.1001,18326,283.20965295209
"2002","Hume",38382,137854,278.425000362703
"2002","Indigo",2326,14603,159.282339245361
"2002","Kingston",27623,134216,205.81003755141
"2002","Knox",22500,147952,152.07634908619
"2002","Latrobe",24200,69575,347.826086956522
"2002","Loddon",1942,8390,231.466030989273
"2002","Macedon Ranges",6500,37605,172.849355138944
"2002","Manningham",21302,113422,187.811888346176
"2002","Maribyrnong",15900,61557,258.297187972123
"2002","Maroondah",17649.4004,99999,176.49576895769
"2002","Melbourne",14317,60415,236.977571795084
"2002","Melton",12709,57724,220.168387499134
"2002","Mildura",9220.4004,49405,186.62889181257
"2002","Mitchell",4700,28179,166.790872635651
"2002","Moira",8000,26437,302.60619586186
"2002","Monash",48913.6211,162430,301.136619466847
"2002","Moonee Valley",35620,104856,339.703974975204
"2002","Moorabool",4086,24943,163.813494768071
"2002","Moreland",28611,136156,210.133963982491
"2002","Mornington Peninsula",46555,133997,347.433151488466
"2002","Mount Alexander",4500,16968,265.205091937765
"2002","Moyne",2254,15578,144.69123122352
"2002","Murrindindi",3358,13349,251.554423552326
"2002","Nillumbik",8250,60501,136.361382456488
"2002","Northern Grampians",2789.9399,12793,218.08331900258
"2002","Port Phillip",19047,82220,231.658963755777
"2002","Pyrenees",728,6546,111.212954476016
"2002","Queenscliffe",1200,3196,375.469336670839
"2002","South Gippsland",3808,25786,147.677034049484
"2002","Southern Grampians",1280,16862,75.9103309215989
"2002","Stonnington",21600,90370,239.017373022021
"2002","Strathbogie",1089,9538,114.17487942965
"2002","Surf Coast",4759,21001,226.608256749679
"2002","Swan Hill",3800,21065,180.394018514123
"2002","Towong",1386,6196,223.692704970949
"2002","Wangaratta",6666,26341,253.065563190464
"2002","Warrnambool",5127,29658,172.870726279587
"2002","Wellington",6897,40671,169.58029062477
"2002","West Wimmera",538.41,4749,113.373341756159
"2002","Whitehorse",32500,146110,222.435151598111
"2002","Whittlesea",23426,119629,195.822083274122
"2002","Wodonga",8745.5996,32481,269.252781626181
"2002","Wyndham",20779,90333,230.026679065236
"2002","Yarra",13006,69415,187.365843117482
"2002","Yarra Ranges",28978,142449,203.427191486076
"2002","Yarriambiack",1560,8095,192.711550339716
"2003","Alpine",2604,12581,206.97877752166
"2003","Ararat",4993,11536,432.819001386963
"2003","Ballarat",17090,84190,202.993229599715
"2003","Banyule",18814,117313,160.374383060701
"2003","Bass Coast",5289.1899,26224,201.692720408786
"2003","Baw Baw",6592,36283,181.68288179037
"2003","Bayside",20810,89088,233.589260057471
"2003","Benalla",3415.8999,13878,246.137764807609
"2003","Boroondara",43262,157298,275.032104667574
"2003","Brimbank",40600,169424,239.635470771555
"2003","Buloke",1776,7102,250.070402703464
"2003","Campaspe",12399,36457,340.099295059934
"2003","Cardinia",10623,50038,212.298653023702
"2003","Casey",35567,198652,179.041741336609
"2003","Central Goldfields",2500,12732,196.355639333962
"2003","Colac Otway",3100,20697,149.780161376045
"2003","Corangamite",2236,17027,131.320843366418
"2003","Darebin",26991,127711,211.344363445592
"2003","East Gippsland",7700,39329,195.784281319128
"2003","Frankston",18742,115483,162.292285444611
"2003","Gannawarra",3000,11661,257.267815796244
"2003","Glen Eira",33008,123816,266.589132260774
"2003","Glenelg",2600,20039,129.746993362942
"2003","Golden Plains",3505,15477,226.465077211346
"2003","Greater Bendigo",25283,91513,276.277687323113
"2003","Greater Dandenong",31145,127060,245.120415551708
"2003","Greater Geelong",30000,196973,152.305138267681
"2003","Greater Shepparton",16373,58379,280.460439541616
"2003","Hepburn",2332,14114,165.226016720986
"2003","Hindmarsh",1017,6361,159.880521930514
"2003","Hobsons Bay",19251,83107,231.641137328986
"2003","Horsham",4981,18340,271.592148309706
"2003","Hume",32000,140995,226.95840278024
"2003","Indigo",2735,14710,185.92794017675
"2003","Kingston",27034,135191,199.968932843163
"2003","Knox",29450,149038,197.600611924476
"2003","Latrobe",22146.3105,69633,318.043319977597
"2003","Loddon",1942,8284,234.427812650893
"2003","Macedon Ranges",6864,37942,180.90770122819
"2003","Manningham",21148,113434,186.434402383765
"2003","Mansfield",2000,6807,293.815190245336
"2003","Maribyrnong",16312,62516,260.925203147994
"2003","Maroondah",17529,100177,174.980284895735
"2003","Melbourne",15824,65954,239.924796069988
"2003","Melton",15060,63837,235.913341792377
"2003","Mildura",14564.4502,49534,294.029357612953
"2003","Mitchell",4950,29158,169.764730091227
"2003","Moira",6579.7002,26583,247.515336869428
"2003","Monash",35042,162824,215.213973370019
"2003","Moonee Valley",37380,104629,357.262326888339
"2003","Moorabool",4637,25197,184.029844822796
"2003","Moreland",28175,136630,206.213862255727
"2003","Mornington Peninsula",38227.1992,135620,281.869924789854
"2003","Mount Alexander",3700,17153,215.705707456422
"2003","Moyne",2336,15605,149.695610381288
"2003","Murrindindi",3228,13395,240.985442329227
"2003","Nillumbik",8800,60452,145.570039039238
"2003","Northern Grampians",2742.7,12616,217.398541534559
"2003","Port Phillip",18763,84170,222.917904241416
"2003","Pyrenees",780,6551,119.065791482216
"2003","Queenscliffe",1300,3158,411.652944901837
"2003","South Gippsland",3767,25910,145.387881126978
"2003","Southern Grampians",1170,16880,69.3127962085308
"2003","Stonnington",20540,91034,225.629984401432
"2003","Strathbogie",2040,9564,213.299874529486
"2003","Surf Coast",6166,21292,289.592335149352
"2003","Swan Hill",3900,21064,185.150018989746
"2003","Towong",1803,6148,293.266102797658
"2003","Wangaratta",7200,26378,272.954735006445
"2003","Warrnambool",5193.1201,29998,173.115544369625
"2003","Wellington",5523,40533,136.259344238028
"2003","West Wimmera",538,4707,114.297854259613
"2003","Whitehorse",30373,146036,207.982963104988
"2003","Whittlesea",23444,122215,191.825880620218
"2003","Wodonga",8973,32995,271.950295499318
"2003","Wyndham",19789.6992,95776,206.624824590712
"2003","Yarra",13230,70115,188.690009270484
"2003","Yarra Ranges",22890,142928,160.150565319601
"2003","Yarriambiack",1654.3,7982,207.253821097469
"2004","Alpine",2124,12432,170.849420849421
"2004","Ararat",4877,11510,423.718505647263
"2004","Ballarat",16854,84775,198.808611029195
"2004","Banyule",19482,116661,166.996682696017
"2004","Bass Coast",5528,26476,208.792869013446
"2004","Baw Baw",5779,36643,157.710886117403
"2004","Bayside",21901,89394,244.99407119046
"2004","Benalla",3347,13846,241.730463671819
"2004","Boroondara",39872,157885,252.538239858125
"2004","Brimbank",42078,170953,246.137827356057
"2004","Buloke",3358,7026,477.939083404498
"2004","Campaspe",12187,36549,333.442775452133
"2004","Cardinia",11936.4404,52864,225.795255750605
"2004","Casey",36497,206646,176.616048701644
"2004","Central Goldfields",2520,12566,200.541142766194
"2004","Colac Otway",3412,20689,164.918555754266
"2004","Corangamite",2459.23,16962,144.984671618913
"2004","Darebin",25499,128735,198.073561968385
"2004","East Gippsland",8784.79,39776,220.856546661303
"2004","Frankston",19249.7305,117124,164.353424575663
"2004","Gannawarra",2450,11540,212.305025996534
"2004","Glen Eira",39001,125037,311.915672960804
"2004","Glenelg",2652,20033,132.381570408825
"2004","Golden Plains",3089.2,15931,193.911242232126
"2004","Greater Bendigo",25087,92535,271.108229318636
"2004","Greater Dandenong",27353,127293,214.88220090657
"2004","Greater Geelong",32146.9102,198541,161.915726222795
"2004","Greater Shepparton",17349,58338,297.387637560424
"2004","Hepburn",1300,14097,92.2182024544229
"2004","Hindmarsh",1700,6274,270.959515460631
"2004","Hobsons Bay",17503.2207,82668,211.729093482363
"2004","Horsham",5040,18413,273.719654591864
"2004","Hume",35050,144546,242.483361698006
"2004","Indigo",2915,14810,196.826468602296
"2004","Kingston",27091,136121,199.021458849112
"2004","Knox",29080,149068,195.078756003971
"2004","Latrobe",30098.3809,69754,431.493260601543
"2004","Loddon",1700,8125,209.230769230769
"2004","Macedon Ranges",6978,38509,181.204393778078
"2004","Manningham",22967,113308,202.695308363046
"2004","Mansfield",2050,6939,295.431618388817
"2004","Maribyrnong",17075.1992,63168,270.3140704154
"2004","Maroondah",19944,100476,198.495163024006
"2004","Melbourne",17740,71425,248.372418620931
"2004","Melton",13477.29,69145,194.913442765204
"2004","Mildura",12498,49677,251.585240654629
"2004","Mitchell",5227.7998,29862,175.065293684281
"2004","Moira",4921.9502,26684,184.453237895368
"2004","Monash",34038.9102,163495,208.195420043426
"2004","Moonee Valley",34565,104632,330.348268216224
"2004","Moorabool",4014.9399,25378,158.205528410434
"2004","Moreland",28387,137642,206.237921564639
"2004","Mornington Peninsula",32824,136674,240.16272297584
"2004","Mount Alexander",7064.75,17180,411.21944121071
"2004","Moyne",1932,15597,123.869974995191
"2004","Murrindindi",3242,13381,242.283835288842
"2004","Nillumbik",3645,60682,60.0672357536007
"2004","Northern Grampians",2810.73,12460,225.58025682183
"2004","Port Phillip",18740,86017,217.863910622319
"2004","Pyrenees",780,6561,118.884316415181
"2004","Queenscliffe",1040,3119,333.440205193972
"2004","South Gippsland",3665,25957,141.195053357476
"2004","Southern Grampians",1224,16854,72.623709505162
"2004","Stonnington",22038,92061,239.384755759768
"2004","Strathbogie",2108,9489,222.15196543366
"2004","Surf Coast",4472,21518,207.826006134399
"2004","Swan Hill",4217,21009,200.723499452616
"2004","Towong",1800,6138,293.255131964809
"2004","Wangaratta",5760,26464,217.654171704958
"2004","Warrnambool",5408,30266,178.682349831494
"2004","Wellington",5254,40481,129.789283861565
"2004","West Wimmera",654.42,4636,141.160483175151
"2004","Whitehorse",31000,146453,211.672003987627
"2004","Whittlesea",23991,123736,193.88860153876
"2004","Wodonga",5689.7998,33528,169.702928895252
"2004","Wyndham",20000,101789,196.484885400191
"2004","Yarra",13526.1602,70811,191.017782547909
"2004","Yarra Ranges",25370,142827,177.627479398153
"2004","Yarriambiack",1695.67,7847,216.091499936281
"2005","Alpine",2047.5,12372,165.494665373424
"2005","Ararat",3633.76,11452,317.303527768075
"2005","Ballarat",16500,85663,192.615248123461
"2005","Banyule",18744,117149,160.001365782038
"2005","Bass Coast",5392.7998,26894,200.520554770581
"2005","Baw Baw",5575.1001,37079,150.357347824914
"2005","Bayside",19257,89873,214.269024067295
"2005","Benalla",5234.02,13829,378.481452021115
"2005","Boroondara",37258,158727,234.730071128415
"2005","Brimbank",42661,172749,246.953672669596
"2005","Buloke",3091,6995,441.887062187277
"2005","Campaspe",7207,36779,195.954213001985
"2005","Cardinia",13165,55173,238.613089735922
"2005","Casey",38250,213821,178.887948330613
"2005","Central Goldfields",2520,12493,201.712959257184
"2005","Colac Otway",4600,20684,222.394121059756
"2005","Corangamite",2749.6001,16867,163.016547103812
"2005","Darebin",24530,130298,188.26075611291
"2005","East Gippsland",9202.3604,40173,229.068289647276
"2005","Frankston",19880,118530,167.721252003712
"2005","Gannawarra",2442,11455,213.182016586643
"2005","Glen Eira",39198,126485,309.902359963632
"2005","Glenelg",2225,20051,110.967034063139
"2005","Golden Plains",4152.54,16390,253.358145210494
"2005","Greater Bendigo",25438,93269,272.737994403285
"2005","Greater Dandenong",25718.1992,128054,200.838702422416
"2005","Greater Geelong",34334,199996,171.673433468669
"2005","Greater Shepparton",16959,58419,290.299388897448
"2005","Hepburn",1768,13973,126.529735919273
"2005","Hindmarsh",1038,6189,167.716917111003
"2005","Hobsons Bay",16935.8008,82990,204.070379563803
"2005","Horsham",6081,18584,327.216960826517
"2005","Hume",30285,149059,203.174581876975
"2005","Indigo",2960,14919,198.404718814934
"2005","Kingston",27490,137091,200.523739705743
"2005","Knox",30677,149362,205.386912333793
"2005","Latrobe",11952,69939,170.891777120062
"2005","Loddon",1700,8012,212.181727408887
"2005","Macedon Ranges",5700,38998,146.161341607262
"2005","Manningham",23302.25,113432,205.429243952324
"2005","Mansfield",2271,7124,318.781583380124
"2005","Maribyrnong",18176.3809,64137,283.399299936074
"2005","Maroondah",21717.5,101009,215.00559356097
"2005","Melbourne",17614.25,76034,231.662808743457
"2005","Melton",13075,74316,175.93788686151
"2005","Mildura",11204.5303,49981,224.175792801264
"2005","Mitchell",5792,30492,189.951462678735
"2005","Moira",6135,26969,227.48340687456
"2005","Monash",29339,164949,177.867098315237
"2005","Moonee Valley",28000,105059,266.516909546065
"2005","Moorabool",4208,25783,163.208315556762
"2005","Moreland",28575,138963,205.630275684895
"2005","Mornington Peninsula",19500,137759,141.551550170951
"2005","Mount Alexander",2900,17240,168.213457076566
"2005","Moyne",2081,15635,133.098816757275
"2005","Murrindindi",3120,13472,231.591448931116
"2005","Nillumbik",4400,61102,72.0107361461163
"2005","Northern Grampians",2629,12285,214.000814000814
"2005","Port Phillip",20000,87831,227.71003404265
"2005","Pyrenees",775,6603,117.370892018779
"2005","Queenscliffe",1310,3104,422.036082474227
"2005","South Gippsland",3102.3401,26068,119.009517415989
"2005","Southern Grampians",2500,16879,148.11303987203
"2005","Stonnington",23153,92893,249.243753565931
"2005","Strathbogie",2120,9455,224.219989423585
"2005","Surf Coast",3764.2,21819,172.519363857189
"2005","Swan Hill",4025,20977,191.876817466749
"2005","Towong",1547,6105,253.398853398853
"2005","Wangaratta",5876,26608,220.83583884546
"2005","Warrnambool",5245.6099,30553,171.688865250548
"2005","Wellington",5464,40504,134.900256764764
"2005","West Wimmera",1440,4583,314.204669430504
"2005","Whitehorse",32590,147344,221.183081767836
"2005","Whittlesea",27557,125893,218.892233881153
"2005","Wodonga",4529,33597,134.803702711552
"2005","Wyndham",23980,108795,220.414541109426
"2005","Yarra",12990,71719,181.123551639036
"2005","Yarra Ranges",27409,142928,191.767883129968
"2005","Yarriambiack",1736,7715,225.0162022035
"2006","Alpine",2263.28,12260,184.606851549755
"2006","Ararat",2365.8401,11422,207.130108562423
"2006","Ballarat",17118,86647,197.560215587383
"2006","Banyule",19374,117963,164.237939014776
"2006","Bass Coast",5520.54,26941,204.912215582198
"2006","Baw Baw",5800,37814,153.382345163167
"2006","Bayside",19400,90807,213.639917627496
"2006","Benalla",3302,13807,239.154052292315
"2006","Boroondara",36889,159605,231.126844397105
"2006","Brimbank",37145,174231,213.193978109521
"2006","Buloke",1747,6957,251.113985913468
"2006","Campaspe",8176,36969,221.158267737834
"2006","Cardinia",13560,57950,233.994823123382
"2006","Casey",38153.5391,220440,173.079019687897
"2006","Central Goldfields",2340,12434,188.193662538202
"2006","Colac Otway",5368,20614,260.405549626467
"2006","Corangamite",2682.25,16815,159.515313707999
"2006","Darebin",24916,132299,188.330977558409
"2006","East Gippsland",8200,40544,202.249408050513
"2006","Frankston",20356,120148,169.424376602191
"2006","Gannawarra",2400,11413,210.286515377201
"2006","Glen Eira",40052,128474,311.751794137335
"2006","Glenelg",3087,20077,153.758031578423
"2006","Golden Plains",4164.0298,16666,249.851782071283
"2006","Greater Bendigo",26504,94577,280.237266988803
"2006","Greater Dandenong",25597.9004,130068,196.803982532214
"2006","Greater Geelong",38254,201495,189.850864785727
"2006","Greater Shepparton",19257,58688,328.125
"2006","Hepburn",1680,13926,120.63765618268
"2006","Hindmarsh",1144,6119,186.958653374734
"2006","Hobsons Bay",15842.3398,83906,188.810571353658
"2006","Horsham",5528.3599,18770,294.531694192861
"2006","Hume",32530,152797,212.896850069046
"2006","Indigo",2845,15038,189.187391940418
"2006","Kingston",27638,138390,199.710961774695
"2006","Knox",30516,150275,203.0677091998
"2006","Latrobe",12260,70536,173.811954179426
"2006","Loddon",2278,7922,287.55364806867
"2006","Macedon Ranges",4893,39383,124.241423964655
"2006","Manningham",22396.7695,113914,196.611211089067
"2006","Mansfield",2300.24,7357,312.660051651488
"2006","Maribyrnong",16800,65518,256.418083580085
"2006","Maroondah",18585.7793,101430,183.23749679582
"2006","Melbourne",15370,80154,191.755869950346
"2006","Melton",14389.0801,80595,178.535642409579
"2006","Mildura",9582.2803,50540,189.597948159873
"2006","Mitchell",5259,30723,171.174689971682
"2006","Moira",5844,27477,212.686974560542
"2006","Monash",30136.2891,167010,180.446015807437
"2006","Moonee Valley",23895,105717,226.027980362666
"2006","Moorabool",3759,26077,144.150017256586
"2006","Moreland",28251,140872,200.543756033846
"2006","Mornington Peninsula",28080,139317,201.554727707315
"2006","Mount Alexander",2740,17304,158.3448913546
"2006","Moyne",3512,15708,223.5803412274
"2006","Murrindindi",5920,13663,433.286979433507
"2006","Nillumbik",4953,61515,80.5169470860766
"2006","Northern Grampians",1784,12095,147.498966515089
"2006","Port Phillip",20000,89641,223.11219196573
"2006","Pyrenees",810,6648,121.841155234657
"2006","Queenscliffe",1100,3086,356.448476992871
"2006","South Gippsland",3606,26128,138.012859767299
"2006","Southern Grampians",1954,16858,115.909360540989
"2006","Stonnington",22692,94056,241.260525644297
"2006","Strathbogie",2159,9509,227.048059732885
"2006","Surf Coast",3823,22333,171.181659427753
"2006","Swan Hill",8200,20950,391.408114558473
"2006","Towong",1261,6097,206.82302771855
"2006","Wangaratta",6404,26776,239.169405437705
"2006","Warrnambool",5366.3999,30959,173.338928905972
"2006","Wellington",5713,40682,140.430657293152
"2006","West Wimmera",1163,4539,256.223837849747
"2006","Whitehorse",30301,149017,203.339216331023
"2006","Whittlesea",26072.7793,128491,202.915218186488
"2006","Wodonga",6174,33595,183.777347819616
"2006","Wyndham",21300,115161,184.958449475083
"2006","Yarra",12566,72808,172.590924074278
"2006","Yarra Ranges",26124,143393,182.184625469863
"2006","Yarriambiack",1750,7609,229.990800367985
"2007","Alpine",2358.3,12227,192.876421035413
"2007","Ararat",1900.28,11363,167.234005104286
"2007","Ballarat",16831,87796,191.70577247255
"2007","Banyule",19877,119362,166.527035404903
"2007","Bass Coast",6015.3198,27408,219.473139229422
"2007","Baw Baw",5963,38503,154.871049009168
"2007","Bayside",18990,92041,206.32109603329
"2007","Benalla",3120,13802,226.054195044196
"2007","Boroondara",36536,161308,226.498375778015
"2007","Brimbank",35088,177004,198.232808298118
"2007","Buloke",1776,6861,258.854394403148
"2007","Campaspe",8061,37020,217.7471636953
"2007","Cardinia",13304.1504,60368,220.384150543334
"2007","Casey",38325.8008,228496,167.730729640781
"2007","Central Goldfields",2340,12471,187.635313928314
"2007","Colac Otway",7649,20687,369.749117803451
"2007","Corangamite",2500,16718,149.539418590741
"2007","Darebin",24286,134748,180.232730726987
"2007","East Gippsland",9062.7598,40969,221.210178427592
"2007","Frankston",20176,122182,165.130706650734
"2007","Gannawarra",2323,11207,207.28116355849
"2007","Glen Eira",35089,130524,268.831785725231
"2007","Glenelg",2428.8401,20035,121.229852757674
"2007","Golden Plains",4183,17022,245.740806015744
"2007","Greater Bendigo",24145,96097,251.256542868144
"2007","Greater Dandenong",25087.0996,132860,188.823570675899
"2007","Greater Geelong",34079,203802,167.216219664184
"2007","Greater Shepparton",12340,59208,208.417781380894
"2007","Hepburn",1430,14014,102.040816326531
"2007","Hindmarsh",2016,6080,331.578947368421
"2007","Hobsons Bay",17605.9297,84819,207.570587957887
"2007","Horsham",5033,18917,266.056985779986
"2007","Hume",37874,157516,240.445415068945
"2007","Indigo",2548,15047,169.336080281784
"2007","Kingston",26767.3008,140487,190.532225757543
"2007","Knox",28416,151343,187.758931698195
"2007","Latrobe",12488,71045,175.775916672532
"2007","Loddon",2711,7883,343.904604845871
"2007","Macedon Ranges",6071.7598,39900,152.174431077694
"2007","Manningham",21316.9102,114771,185.734290020998
"2007","Mansfield",2047.6,7465,274.293369055593
"2007","Maribyrnong",16000,67666,236.455531581592
"2007","Maroondah",17729,102536,172.905126004525
"2007","Melbourne",16707,85366,195.71023592531
"2007","Melton",14302.9902,86196,165.935660587498
"2007","Mildura",9475.46,50855,186.323075410481
"2007","Mitchell",5127,31529,162.612198293634
"2007","Moira",5244,27703,189.293578312818
"2007","Monash",28042,169145,165.786751012445
"2007","Moonee Valley",22999,106716,215.515948873646
"2007","Moorabool",3722,26431,140.819492262873
"2007","Moreland",27180,143694,189.151947889265
"2007","Mornington Peninsula",27500,141740,194.017214618315
"2007","Mount Alexander",3230.29,17415,185.488946310652
"2007","Moyne",3500,15744,222.306910569106
"2007","Murrindindi",4100,13690,299.488677867056
"2007","Nillumbik",5940,61858,96.0263830062401
"2007","Northern Grampians",2507.3101,12095,207.301372467962
"2007","Port Phillip",19262,91490,210.536670674391
"2007","Pyrenees",890,6650,133.834586466165
"2007","Queenscliffe",1050,3081,340.798442064265
"2007","South Gippsland",3454,26350,131.081593927894
"2007","Southern Grampians",1920,16874,113.784520564182
"2007","Stonnington",21597,95228,226.792540009241
"2007","Strathbogie",2116,9538,221.849444327951
"2007","Surf Coast",4760.7998,23135,205.783436351848
"2007","Swan Hill",3731,20972,177.903871829105
"2007","Towong",1400,6060,231.023102310231
"2007","Wangaratta",5100,26871,189.79569052138
"2007","Warrnambool",5454.3198,31380,173.815162523901
"2007","Wellington",5877,40897,143.702472063966
"2007","West Wimmera",950,4488,211.675579322638
"2007","Whitehorse",28890,151180,191.096705913481
"2007","Whittlesea",29776,132938,223.984112894733
"2007","Wodonga",7239,33837,213.937405798386
"2007","Wyndham",23041,123778,186.147780704164
"2007","Yarra",12152,74289,163.577380231259
"2007","Yarra Ranges",25573,144485,176.994151642039
"2007","Yarriambiack",1980,7505,263.824117255163
"2008","Alpine",2140,12156,176.044751563014
"2008","Ararat",1842,11344,162.37658674189
"2008","Ballarat",17682,89531,197.495839429918
"2008","Banyule",19131,120580,158.658152264057
"2008","Bass Coast",6035,27981,215.682069976055
"2008","Baw Baw",6162,39389,156.439615120973
"2008","Bayside",19500,93535,208.478109798471
"2008","Benalla",3268,13792,236.948955916473
"2008","Boroondara",36857,163408,225.551992558504
"2008","Brimbank",36622,180561,202.823422555258
"2008","Buloke",1806.2939,6789,266.061850051554
"2008","Campaspe",8168,37017,220.655374557636
"2008","Cardinia",13100.7598,63647,205.834678775119
"2008","Casey",41530,237529,174.841808789664
"2008","Central Goldfields",2350,12531,187.534913414731
"2008","Colac Otway",4000,20782,192.474256568184
"2008","Corangamite",2408,16636,144.746333253186
"2008","Darebin",25169,137525,183.013997455008
"2008","East Gippsland",7310.96,41416,176.525014487155
"2008","Frankston",21080,124689,169.0606228296
"2008","Gannawarra",2206,11052,199.601882012305
"2008","Glen Eira",35396,132900,266.335590669676
"2008","Glenelg",2512.6799,20020,125.508486513487
"2008","Golden Plains",4560,17456,261.228230980752
"2008","Greater Bendigo",25033,97417,256.967469743474
"2008","Greater Dandenong",27150.0996,135884,199.80350593153
"2008","Greater Geelong",35493,206479,171.896415616116
"2008","Greater Shepparton",12071,59854,201.674073579042
"2008","Hepburn",1815,14187,127.934024106576
"2008","Hindmarsh",958.5,6032,158.902519893899
"2008","Hobsons Bay",18647.1602,85513,218.062285266568
"2008","Horsham",5022.1001,19060,263.488987408185
"2008","Hume",32157,161863,198.668009365945
"2008","Indigo",2626,15128,173.585404547858
"2008","Kingston",27526,142817,192.73615886064
"2008","Knox",26381,152538,172.947068927087
"2008","Latrobe",12940,71702,180.469164040055
"2008","Loddon",1375,7812,176.011264720942
"2008","Macedon Ranges",6230.2402,40584,153.514690518431
"2008","Manningham",20962.0195,115539,181.428084889085
"2008","Mansfield",2500,7593,329.250625576189
"2008","Maribyrnong",16885.4395,69902,241.558746530857
"2008","Maroondah",18184,104034,174.789011284772
"2008","Melbourne",20146,89937,224.001245316166
"2008","Melton",16429,92552,177.511020831533
"2008","Mildura",9036.0801,51140,176.693001564333
"2008","Mitchell",5367.3501,32302,166.161541081048
"2008","Moira",4318,27968,154.390732265446
"2008","Monash",27135,171321,158.386887772077
"2008","Moonee Valley",28832,108417,265.9361539242
"2008","Moorabool",4477,26813,166.971245291463
"2008","Moreland",27677,146450,188.986002048481
"2008","Mornington Peninsula",25000,144403,173.126597092858
"2008","Mount Alexander",3101.26,17585,176.35825988058
"2008","Moyne",1500,15848,94.6491670873296
"2008","Murrindindi",2450,13748,178.207739307536
"2008","Nillumbik",5671.2402,62367,90.9333493674539
"2008","Northern Grampians",4103.3101,12087,339.481269132125
"2008","Port Phillip",19886,93174,213.428638890678
"2008","Pyrenees",880,6661,132.112295451133
"2008","Queenscliffe",1160,3077,376.990575235619
"2008","South Gippsland",3612.5,26556,136.033288145805
"2008","Southern Grampians",2076,16869,123.065979014761
"2008","Stonnington",23474,96841,242.397331708677
"2008","Strathbogie",1906,9552,199.539363484087
"2008","Surf Coast",4622,24064,192.071143617021
"2008","Swan Hill",3694,20976,176.106025934401
"2008","Towong",1206,6048,199.404761904762
"2008","Wangaratta",6450,27005,238.844658396593
"2008","Warrnambool",5776.8198,31696,182.257060827865
"2008","Wellington",6155,41174,149.487540681012
"2008","West Wimmera",980,4452,220.125786163522
"2008","Whitehorse",28057,153487,182.797240157147
"2008","Whittlesea",29572.9805,138446,213.606608352715
"2008","Wodonga",7565,34157,221.477296015458
"2008","Wyndham",25507,133063,191.691153814359
"2008","Yarra",12441,75868,163.982179575051
"2008","Yarra Ranges",25987,145884,178.134682350361
"2008","Yarriambiack",1992,7438,267.813928475397
"2009","Alpine",2240.7,12112,184.998348745046
"2009","Ararat",2264.7,11332,199.849982350865
"2009","Ballarat",17723,91390,193.927125506073
"2009","Banyule",19086,122248,156.125253582881
"2009","Bass Coast",6233,28561,218.234655649312
"2009","Baw Baw",6492.5,40516,160.245335176227
"2009","Bayside",19360,94850,204.111755403268
"2009","Benalla",3352.3401,13796,242.993628587997
"2009","Boroondara",35722.6016,165284,216.12861256988
"2009","Brimbank",36868.3398,185397,198.861577048172
"2009","Buloke",1806.452,6751,267.582876610872
"2009","Campaspe",8091,37021,218.551632857027
"2009","Cardinia",13869.8604,67889,204.302028310919
"2009","Casey",45873,246678,185.963077372121
"2009","Central Goldfields",2185,12587,173.59180106459
"2009","Colac Otway",4279,20844,205.286893110727
"2009","Corangamite",2098,16623,126.210671960537
"2009","Darebin",27205,140289,193.921119973768
"2009","East Gippsland",6200.0498,41904,147.9584240168
"2009","Frankston",21516.5605,127252,169.086226542608
"2009","Gannawarra",2320,10923,212.39586194269
"2009","Glen Eira",34778,135414,256.827211366624
"2009","Glenelg",2774.52,19995,138.760690172543
"2009","Golden Plains",4668,17941,260.186165765565
"2009","Greater Bendigo",25158,99003,254.113511711766
"2009","Greater Dandenong",26981.4004,138740,194.4745596079
"2009","Greater Geelong",39500,209429,188.6080724255
"2009","Greater Shepparton",12261,60758,201.800585931071
"2009","Hepburn",1823,14416,126.456714761376
"2009","Hindmarsh",1380,6025,229.045643153527
"2009","Hobsons Bay",17039.9805,86767,196.387802966566
"2009","Horsham",5005,19243,260.094579847217
"2009","Hume",33400,166728,200.326279928986
"2009","Indigo",2140,15223,140.576758851738
"2009","Kingston",27552,146050,188.647723382403
"2009","Knox",25989,154122,168.62615330712
"2009","Latrobe",13590,72306,187.951207368683
"2009","Loddon",1956,7741,252.680532230978
"2009","Macedon Ranges",6574,41582,158.097253619355
"2009","Manningham",20826.1797,116372,178.962118894579
"2009","Mansfield",2310.4099,7754,297.963618777405
"2009","Maribyrnong",16275,71872,226.444234194123
"2009","Maroondah",18714,106011,176.528850779636
"2009","Melbourne",22115,94247,234.649378760067
"2009","Melton",17421.1602,99935,174.324913193576
"2009","Mildura",9466.2402,51373,184.264890117377
"2009","Mitchell",5387,32897,163.753533756878
"2009","Moira",4421,28140,157.107320540156
"2009","Monash",25974,174398,148.935194210943
"2009","Moonee Valley",22354,110367,202.542426631149
"2009","Moorabool",4268,27453,155.46570502313
"2009","Moreland",28317,150114,188.636636156521
"2009","Mornington Peninsula",25800,147002,175.507816220187
"2009","Mount Alexander",2682,17683,151.671096533394
"2009","Moyne",1752.6899,15976,109.707680270406
"2009","Murrindindi",2133,13352,159.751348112642
"2009","Nillumbik",7066.52,62785,112.551087043084
"2009","Northern Grampians",2877,12117,237.435008665511
"2009","Port Phillip",19755.9609,95272,207.36376794861
"2009","Pyrenees",970,6721,144.323761345038
"2009","Queenscliffe",1300,3065,424.143556280587
"2009","South Gippsland",3720.98,26903,138.31096903691
"2009","Southern Grampians",2040,16822,121.269765782903
"2009","Stonnington",22684,98186,231.030900535718
"2009","Strathbogie",1600.28,9564,167.323295692179
"2009","Surf Coast",4047,25052,161.543988503912
"2009","Swan Hill",3957.6699,21043,188.075364729364
"2009","Towong",1428,6050,236.03305785124
"2009","Wangaratta",7226.5,27111,266.552321935746
"2009","Warrnambool",5521.0698,32036,172.339549257086
"2009","Wellington",6374,41506,153.568158820411
"2009","West Wimmera",996.1,4427,225.005647165123
"2009","Whitehorse",29531,155959,189.35104739066
"2009","Whittlesea",29931.1504,145445,205.790163979511
"2009","Wodonga",7122,34654,205.517400588677
"2009","Wyndham",27872,143405,194.35863463617
"2009","Yarra",12515,77311,161.878645988281
"2009","Yarra Ranges",26668,147663,180.600421229421
"2009","Yarriambiack",1883.52,7412,254.117647058824
"2010","Alpine",2304,12089,190.586483580114
"2010","Ararat",1963,11337,173.149863279527
"2010","Ballarat",19119,93359,204.790111290824
"2010","Banyule",19900,122780,162.078514416029
"2010","Bass Coast",6675,29474,226.470787812988
"2010","Baw Baw",6684.4468,42097,158.786773404281
"2010","Bayside",19300,95594,201.895516455008
"2010","Benalla",3558.29,13838,257.139037433155
"2010","Boroondara",35899,166326,215.835167081515
"2010","Brimbank",38896,188895,205.913338097885
"2010","Buloke",1507.86,6622,227.704620960435
"2010","Campaspe",8617,36973,233.061964135991
"2010","Cardinia",14835.2598,71830,206.532922177363
"2010","Casey",46000,254471,180.767160108617
"2010","Central Goldfields",2365,12600,187.698412698413
"2010","Colac Otway",5224,20855,250.491488851594
"2010","Corangamite",2174,16563,131.256414900682
"2010","Darebin",25990,141780,183.312173790379
"2010","East Gippsland",6642.3501,42385,156.714641972396
"2010","Frankston",22560.2207,129052,174.814963735548
"2010","Gannawarra",2397,10692,224.186307519641
"2010","Glen Eira",34191.7383,136515,250.461402043731
"2010","Glenelg",2947,19949,147.726703092887
"2010","Golden Plains",4838,18441,262.350197928529
"2010","Greater Bendigo",26122,100506,259.904881300619
"2010","Greater Dandenong",27467,140212,195.896214304054
"2010","Greater Geelong",39500,212585,185.808029729285
"2010","Greater Shepparton",12572,61443,204.612404993246
"2010","Hepburn",2040,14561,140.100267838747
"2010","Hindmarsh",1452,5954,243.869667450453
"2010","Hobsons Bay",17530.2793,87192,201.053758372328
"2010","Horsham",5346,19390,275.70912841671
"2010","Hume",35200,170952,205.905751322009
"2010","Indigo",2926,15287,191.404461306993
"2010","Kingston",26487,147407,179.686175012042
"2010","Knox",26454,154643,171.0649689931
"2010","Latrobe",13474,73082,184.368243890424
"2010","Loddon",1208,7653,157.846596106102
"2010","Macedon Ranges",6934,42223,164.223290623594
"2010","Manningham",21576,116656,184.954052941983
"2010","Mansfield",2406.72,7870,305.809402795426
"2010","Maribyrnong",22000,73613,298.860255661364
"2010","Maroondah",19371,106677,181.585533901403
"2010","Melbourne",23146,97623,237.095766366532
"2010","Melton",19059.6191,106848,178.380681903264
"2010","Mildura",9783,51625,189.501210653753
"2010","Mitchell",5336,33892,157.441284078839
"2010","Moira",7000,28331,247.079171225866
"2010","Monash",26566,175731,151.174237897696
"2010","Moonee Valley",22004,111363,197.588067850184
"2010","Moorabool",3022,28047,107.74770920241
"2010","Moreland",28139,152261,184.80766578441
"2010","Mornington Peninsula",27168,148542,182.897766288322
"2010","Mount Alexander",3104.7,17806,174.362574413119
"2010","Moyne",1529.25,16082,95.0907847282676
"2010","Murrindindi",2113,13318,158.657456074486
"2010","Nillumbik",6362.2798,62838,101.248922626436
"2010","Northern Grampians",3004.75,12113,248.059935606373
"2010","Port Phillip",20104,96375,208.601815823606
"2010","Pyrenees",808,6748,119.739181979846
"2010","Queenscliffe",1300,3059,424.97548218372
"2010","South Gippsland",3938.5,27173,144.941670040113
"2010","Southern Grampians",2066,16705,123.67554624364
"2010","Stonnington",21233,98728,215.065634875618
"2010","Strathbogie",1840,9598,191.706605542821
"2010","Surf Coast",5097.9399,25861,197.128490777619
"2010","Swan Hill",3714.99,20982,177.056048041178
"2010","Towong",1260,6004,209.860093271153
"2010","Wangaratta",6527.5,27200,239.981617647059
"2010","Warrnambool",6022,32370,186.036453506333
"2010","Wellington",6277.3301,41803,150.16458388154
"2010","West Wimmera",960.2,4373,219.57466270295
"2010","Whitehorse",30799,157058,196.099530109896
"2010","Whittlesea",32583.4004,152709,213.369221198489
"2010","Wodonga",6752,35287,191.34525462635
"2010","Wyndham",30381,155251,195.689560775776
"2010","Yarra",13623,78430,173.69628968507
"2010","Yarra Ranges",27297.5996,148473,183.855647828225
"2010","Yarriambiack",1940,7312,265.317286652079
"2011","Alpine",2452,12068,203.181968843222
"2011","Ararat",1843,11326,162.722938371888
"2011","Ballarat",20207,95185,212.291852707885
"2011","Banyule",20556,122983,167.145052568241
"2011","Bass Coast",7106,30233,235.041180167367
"2011","Baw Baw",7030,43389,162.02263246445
"2011","Bayside",19800,96119,205.994652462052
"2011","Benalla",3530.1001,13818,255.471131856998
"2011","Boroondara",36223,167062,216.823694197364
"2011","Brimbank",40116,191496,209.487404436646
"2011","Buloke",1508.9969,6465,233.410193348801
"2011","Campaspe",9107,36855,247.10351377018
"2011","Cardinia",14746,75831,194.458730598304
"2011","Casey",50047,261282,191.544002265751
"2011","Central Goldfields",2438,12579,193.815088639796
"2011","Colac Otway",4463,20799,214.577623924227
"2011","Corangamite",2188,16526,132.397434345879
"2011","Darebin",27147,142942,189.916189783269
"2011","East Gippsland",6637.5898,42826,154.989721197403
"2011","Frankston",23453.6992,130350,179.928647487534
"2011","Gannawarra",2206.46,10453,211.083899359036
"2011","Glen Eira",30005,137152,218.771873541764
"2011","Glenelg",3014.49,19848,151.878778718259
"2011","Golden Plains",4600,18958,242.641628863804
"2011","Greater Bendigo",27576,101995,270.366194421295
"2011","Greater Dandenong",29086,142167,204.590376106973
"2011","Greater Geelong",40429,215837,187.312647970459
"2011","Greater Shepparton",12929,61744,209.396864472661
"2011","Hepburn",2140,14629,146.284776813179
"2011","Hindmarsh",1148,5856,196.03825136612
"2011","Hobsons Bay",20461.0801,87395,234.121861662566
"2011","Horsham",6021.5898,19523,308.435680991651
"2011","Hume",37585,174290,215.646336565494
"2011","Indigo",2889,15317,188.613958346935
"2011","Kingston",29212,148304,196.973783579674
"2011","Knox",27099,154625,175.256265157639
"2011","Latrobe",14226,73788,192.795576516507
"2011","Loddon",666,7546,88.2586800954148
"2011","Macedon Ranges",6934,42883,161.695776881282
"2011","Manningham",22280.6895,116750,190.841023554604
"2011","Mansfield",2467.96,7942,310.747922437673
"2011","Maribyrnong",18880,75154,251.21750006653
"2011","Maroondah",19823.8008,107323,184.711579065065
"2011","Melbourne",20990.5801,100240,209.403233240223
"2011","Melton",20002,112643,177.569844553146
"2011","Mildura",10152,51822,195.901354637027
"2011","Mitchell",5768.2598,35105,164.314479418886
"2011","Moira",5088,28406,179.117087939168
"2011","Monash",27960,177345,157.658800642815
"2011","Moonee Valley",22326,112180,199.01943305402
"2011","Moorabool",4819,28670,168.085106382979
"2011","Moreland",29240,154247,189.566085564063
"2011","Mornington Peninsula",28023,149271,187.732379363708
"2011","Mount Alexander",3350,17872,187.444046553268
"2011","Moyne",1535,16167,94.9464959485371
"2011","Murrindindi",2232,13335,167.379077615298
"2011","Nillumbik",6684.1201,62716,106.577589450858
"2011","Northern Grampians",3104,12054,257.507881201261
"2011","Port Phillip",21518,97276,221.205641679345
"2011","Pyrenees",1064,6759,157.419736647433
"2011","Queenscliffe",1227,3061,400.849395622346
"2011","South Gippsland",4030.6001,27512,146.503347630125
"2011","Southern Grampians",2210,16571,133.365518073743
"2011","Stonnington",22279,98853,225.375051844658
"2011","Strathbogie",1789,9598,186.392998541363
"2011","Surf Coast",5624,26666,210.905272631816
"2011","Swan Hill",3853,20865,184.663311766115
"2011","Towong",1399,5918,236.397431564718
"2011","Wangaratta",7640,27212,280.758488901955
"2011","Warrnambool",6022,32667,184.345057703493
"2011","Wellington",6554,42068,155.795378910336
"2011","West Wimmera",921.54,4287,214.961511546536
"2011","Whitehorse",31260,157538,198.428315707956
"2011","Whittlesea",33786.5391,160800,210.115292910448
"2011","Wodonga",7526,36025,208.910478834143
"2011","Wyndham",32669,166699,195.975980659752
"2011","Yarra",14359,78903,181.982941079553
"2011","Yarra Ranges",27976,148901,187.883224424282
"2011","Yarriambiack",1897,7183,264.095781706808
"2012","Alpine",2407,12183,197.570384962653
"2012","Ararat",1963.28,11400,172.217543859649
"2012","Ballarat",20543,96728,212.37904226284
"2012","Banyule",20800,123584,168.306576903159
"2012","Bass Coast",7527,30811,244.295868358703
"2012","Baw Baw",7601,44506,170.785961443401
"2012","Bayside",19900,96971,205.215992410102
"2012","Benalla",2918,13849,210.70113365586
"2012","Boroondara",36310,168483,215.511357228919
"2012","Brimbank",40659,193774,209.826911763188
"2012","Buloke",1528,6434,237.488343176873
"2012","Campaspe",9252,37041,249.7772738317
"2012","Cardinia",15191,80422,188.891099450399
"2012","Casey",47310.3086,269240,175.717978755014
"2012","Central Goldfields",2513,12714,197.65612710398
"2012","Colac Otway",3320,20902,158.836474978471
"2012","Corangamite",1922,16470,116.697024893746
"2012","Darebin",27150,144986,187.259459534024
"2012","East Gippsland",6929.8101,43329,159.934688084193
"2012","Frankston",23952,132194,181.188253627245
"2012","Gannawarra",3159,10498,300.914459897123
"2012","Glen Eira",32164,139116,231.202737283993
"2012","Glenelg",2592.02,19825,130.745018915511
"2012","Golden Plains",4725,19604,241.02224035911
"2012","Greater Bendigo",27194,103905,261.71984023868
"2012","Greater Dandenong",29784,145116,205.242702389812
"2012","Greater Geelong",40229,219152,183.566656932175
"2012","Greater Shepparton",13136.96,62562,209.983056807647
"2012","Hepburn",5160,14825,348.060708263069
"2012","Hindmarsh",1455,5857,248.420693187639
"2012","Hobsons Bay",18204.4609,88339,206.075016697042
"2012","Horsham",6132,19608,312.729498164015
"2012","Hume",38476,179202,214.707425140344
"2012","Indigo",3022,15454,195.548078167465
"2012","Kingston",29489,150435,196.02486123575
"2012","Knox",27909,155406,179.587660708081
"2012","Latrobe",14337.2695,74004,193.7364128966
"2012","Loddon",567,7529,75.3088059503254
"2012","Macedon Ranges",7800,43794,178.106589943828
"2012","Manningham",22068,117440,187.908719346049
"2012","Mansfield",2574.6001,8097,317.96963072743
"2012","Maribyrnong",20500,77179,265.616294587906
"2012","Maroondah",19344,108434,178.394230591881
"2012","Melbourne",20885.1602,107578,194.139695848594
"2012","Melton",21675.5,118329,183.179947434695
"2012","Mildura",10208.5,52475,194.540257265364
"2012","Mitchell",6649,36384,182.745162708883
"2012","Moira",6000,28675,209.24149956408
"2012","Monash",31484,180312,174.608456453259
"2012","Moonee Valley",22038,113673,193.871895700826
"2012","Moorabool",4666,29363,158.90746858291
"2012","Moreland",30000,156967,191.122974892812
"2012","Mornington Peninsula",29432,151700,194.014502307185
"2012","Mount Alexander",3477,18053,192.599567938847
"2012","Moyne",1735,16304,106.415603532875
"2012","Murrindindi",2330,13456,173.156956004756
"2012","Nillumbik",7000,62935,111.225867959005
"2012","Northern Grampians",3044,11970,254.302422723475
"2012","Port Phillip",21518.4395,99893,215.414888931156
"2012","Pyrenees",1705,6860,248.542274052478
"2012","Queenscliffe",1338,3057,437.684003925417
"2012","South Gippsland",3822,27926,136.86170593712
"2012","Southern Grampians",2138,16461,129.882753174169
"2012","Stonnington",21829,101410,215.254905827828
"2012","Strathbogie",1774.5,9744,182.112068965517
"2012","Surf Coast",5492,27530,199.49146385761
"2012","Swan Hill",3896.28,20971,185.793715130418
"2012","Towong",1356,5940,228.282828282828
"2012","Wangaratta",7230.04,27438,263.504628617246
"2012","Warrnambool",6739,33059,203.847666293596
"2012","Wellington",6711,42445,158.110495935917
"2012","West Wimmera",952.14,4214,225.946843853821
"2012","Whitehorse",30606,159661,191.693650922893
"2012","Whittlesea",33935,169993,199.625866947463
"2012","Wodonga",7464.7002,36758,203.076886664128
"2012","Wyndham",37202,179131,207.680412658892
"2012","Yarra",14507,81268,178.50814588768
"2012","Yarra Ranges",28824,149864,192.334383174078
"2012","Yarriambiack",1926,7095,271.458773784355
"2013","Alpine",2514,12283,204.67312545795
"2013","Ararat",1990,11490,173.19408181027
"2013","Ballarat",21232,98344,215.895224924754
"2013","Banyule",20520,124314,165.06588155799
"2013","Bass Coast",7559,31331,241.26264721841
"2013","Baw Baw",7928.2002,45627,173.761154579525
"2013","Bayside",19722,98252,200.728738346293
"2013","Benalla",3268.3401,13878,235.505123216602
"2013","Boroondara",36930,170485,216.617297709476
"2013","Brimbank",39944,196169,203.620347761369
"2013","Buloke",1516,6388,237.319974953037
"2013","Campaspe",8914,37213,239.539945717894
"2013","Cardinia",15435.4805,84591,182.471900083933
"2013","Casey",48722.6602,278023,175.246868784237
"2013","Central Goldfields",2502,12815,195.239953179867
"2013","Colac Otway",3346,21035,159.068219633943
"2013","Corangamite",1876,16410,114.320536258379
"2013","Darebin",26611,147272,180.692867619099
"2013","East Gippsland",4112,43809,93.8619918281632
"2013","Frankston",24395,134351,181.576616474756
"2013","Gannawarra",2348,10526,223.06669200076
"2013","Glen Eira",26968,141260,190.910378026334
"2013","Glenelg",2804.0601,19797,141.640657675405
"2013","Golden Plains",4945,20362,242.854336509184
"2013","Greater Bendigo",27150,105957,256.236020272375
"2013","Greater Dandenong",30501,148502,205.391173182853
"2013","Greater Geelong",42529,223357,190.408180625635
"2013","Greater Shepparton",13346,63244,211.023970653343
"2013","Hepburn",2880,15022,191.718812408468
"2013","Hindmarsh",1387.8199,5852,237.153092959672
"2013","Hobsons Bay",17970.3203,89188,201.488095932188
"2013","Horsham",5641,19694,286.432415964253
"2013","Hume",39093,184873,211.45867703775
"2013","Indigo",2894,15605,185.453380326818
"2013","Kingston",28324,152336,185.931099674404
"2013","Knox",28661,156347,183.316597056547
"2013","Latrobe",14440,74124,194.808698936917
"2013","Loddon",2090,7518,277.999467943602
"2013","Macedon Ranges",8000,44595,179.392308554771
"2013","Manningham",21729,118357,183.588634385799
"2013","Mansfield",2425.0701,8276,293.024420009667
"2013","Maribyrnong",19498.7598,79782,244.400488832067
"2013","Maroondah",19297,109781,175.777229210883
"2013","Melbourne",21362.3906,118711,179.952915905013
"2013","Melton",22203,123936,179.148915569326
"2013","Mildura",10210.9805,53156,192.094598916397
"2013","Mitchell",6672,37788,176.563988567799
"2013","Moira",5016,28905,173.533990659056
"2013","Monash",30597,183255,166.964066464762
"2013","Moonee Valley",21800,115464,188.803436568974
"2013","Moorabool",5169,30410,169.976981256166
"2013","Moreland",31587.4805,160282,197.074409478295
"2013","Mornington Peninsula",29688.5,154001,192.781215706392
"2013","Mount Alexander",2957,18247,162.054036279936
"2013","Moyne",1707.6,16431,103.925506664232
"2013","Murrindindi",2188,13563,161.321241613212
"2013","Nillumbik",6107,63174,96.6695159401019
"2013","Northern Grampians",3041,11880,255.976430976431
"2013","Port Phillip",20834,102156,203.942989153843
"2013","Pyrenees",1830,6938,263.764773710003
"2013","Queenscliffe",1322,3002,440.37308461026
"2013","South Gippsland",4002,28273,141.548473808934
"2013","Southern Grampians",2138,16355,130.724549067563
"2013","Stonnington",19697,103487,190.333085315064
"2013","Strathbogie",1742,9867,176.548089591568
"2013","Surf Coast",5778.6401,28228,204.713054414057
"2013","Swan Hill",3761.1399,21003,179.076317668904
"2013","Towong",1450,5961,243.247777218587
"2013","Wangaratta",7217.7002,27650,261.037981916817
"2013","Warrnambool",6052,33423,181.072913861712
"2013","Wellington",6441,42721,150.768942674563
"2013","West Wimmera",989.59,4124,239.958777885548
"2013","Whitehorse",29904,162081,184.500342421382
"2013","Whittlesea",34332.4492,179272,191.510381989379
"2013","Wodonga",7480.7998,37575,199.089815036593
"2013","Wyndham",37470,190211,196.991761780339
"2013","Yarra",14458,83962,172.196946237584
"2013","Yarra Ranges",28953,150902,191.866244317504
"2013","Yarriambiack",2030,7032,288.6803185438
"2014","Alpine",2777,12355,224.767300687981
"2014","Ararat",1797,11560,155.449826989619
"2014","Ballarat",22641,99914,226.604880196969
"2014","Banyule",20181,125107,161.309918709585
"2014","Bass Coast",7924.2998,31917,248.278340696181
"2014","Baw Baw",7994,46644,171.383243289598
"2014","Bayside",20211.4102,99797,202.525228213273
"2014","Benalla",3500,13898,251.834796373579
"2014","Boroondara",36937,172660,213.929109232017
"2014","Brimbank",41350,198468,208.34592982244
"2014","Buloke",1536,6335,242.462509865825
"2014","Campaspe",9250,37338,247.736890031603
"2014","Cardinia",16230.1201,88070,184.286591347792
"2014","Casey",50768.5117,287937,176.318124103537
"2014","Central Goldfields",2490,12884,193.262961813102
"2014","Colac Otway",3756,21131,177.748331834745
"2014","Corangamite",1951,16340,119.400244798042
"2014","Darebin",24633,149511,164.757108172643
"2014","East Gippsland",6897,44277,155.769361067823
"2014","Frankston",24519,136181,180.047143140379
"2014","Gannawarra",2247,10534,213.309284222518
"2014","Glen Eira",26223,143694,182.4919620861
"2014","Glenelg",2922.4199,19755,147.933176411035
"2014","Golden Plains",5341,20899,255.562467103689
"2014","Greater Bendigo",27340,107955,253.253670510861
"2014","Greater Dandenong",31174,152135,204.910112728826
"2014","Greater Geelong",44093,227744,193.607735000703
"2014","Greater Shepparton",12519.8398,63919,195.870395344107
"2014","Hepburn",1685,15184,110.972075869336
"2014","Hindmarsh",1524,5844,260.780287474333
"2014","Hobsons Bay",18564.5391,90417,205.32133448356
"2014","Horsham",5631,19748,285.142799270812
"2014","Hume",40766,191278,213.124353035895
"2014","Indigo",3028,15732,192.473938469362
"2014","Kingston",29864,154210,193.657998832761
"2014","Knox",28728,157434,182.476466328747
"2014","Latrobe",14591.3799,74134,196.824397712251
"2014","Loddon",2100,7513,279.515506455477
"2014","Macedon Ranges",8807.1602,45471,193.68740955774
"2014","Manningham",21443.0605,119437,179.534486800573
"2014","Mansfield",2446.1599,8395,291.382954139369
"2014","Maribyrnong",17253,82463,209.221105222948
"2014","Maroondah",19790,111421,177.614632789151
"2014","Melbourne",24556.2402,127975,191.883103731197
"2014","Melton",22785,129309,176.205832540658
"2014","Mildura",10556.3896,53737,196.445458436459
"2014","Mitchell",7050,39084,180.380718452564
"2014","Moira",5335.9102,29100,183.364611683849
"2014","Monash",31628,186150,169.905989793178
"2014","Moonee Valley",23461,117763,199.22216655486
"2014","Moorabool",5496.3701,31066,176.925581021052
"2014","Moreland",32571.4004,164099,198.486282061439
"2014","Mornington Peninsula",30947.0996,156500,197.745045367412
"2014","Mount Alexander",3058.3201,18501,165.305664558673
"2014","Moyne",1730,16512,104.772286821705
"2014","Murrindindi",2251,13687,164.462628771827
"2014","Nillumbik",6243.5801,63433,98.4279491747198
"2014","Northern Grampians",2349,11777,199.456567886559
"2014","Port Phillip",21404,104451,204.919052953059
"2014","Pyrenees",969.36,7047,137.556406981694
"2014","Queenscliffe",1299,2970,437.373737373737
"2014","South Gippsland",4000,28521,140.247536902633
"2014","Southern Grampians",3500,16255,215.318363580437
"2014","Stonnington",20974,105894,198.065990518821
"2014","Strathbogie",1734,10018,173.088440806548
"2014","Surf Coast",5935.54,28874,205.566946041421
"2014","Swan Hill",3914.45,20940,186.936485195798
"2014","Towong",1722,5982,287.863590772317
"2014","Wangaratta",8249.0195,27862,296.067026774819
"2014","Warrnambool",5721,33729,169.616650360224
"2014","Wellington",6879,42948,160.17043867002
"2014","West Wimmera",953,4038,236.007924715206
"2014","Whitehorse",28763,164320,175.042599805258
"2014","Whittlesea",34974,187899,186.131911292769
"2014","Wodonga",7906,38369,206.051760535849
"2014","Wyndham",40187,201512,199.427329389813
"2014","Yarra",15338,87228,175.838033658917
"2014","Yarra Ranges",29390,151968,193.395978100653
"2014","Yarriambiack",1726,6924,249.277874061236
"2015","Alpine",1748,12429,140.638828546142
"2015","Ararat",1779,11644,152.78254895225
"2015","Ballarat",24529.6406,101479,241.72134727382
"2015","Banyule",20148,126088,159.793160332466
"2015","Bass Coast",8015,32576,246.040029469548
"2015","Baw Baw",8240,47837,172.251604406631
"2015","Bayside",20218.5605,101268,199.653992376664
"2015","Benalla",3281.3899,13923,235.681239675357
"2015","Boroondara",37394,174753,213.982020337276
"2015","Brimbank",41904,200860,208.622921437817
"2015","Buloke",2139,6306,339.200761179829
"2015","Campaspe",8344,37429,222.928745090705
"2015","Cardinia",16960.1602,92298,183.754363041453
"2015","Casey",52370.2383,299528,174.842546606661
"2015","Central Goldfields",2364,12950,182.548262548263
"2015","Colac Otway",3692,21230,173.904851625059
"2015","Corangamite",1813,16274,111.404694604891
"2015","Darebin",26454,151974,174.069248687275
"2015","East Gippsland",7111.2798,44868,158.493353837925
"2015","Frankston",24830,137790,180.201756295812
"2015","Gannawarra",2275,10536,215.926347760061
"2015","Glen Eira",31119,145924,213.254844987802
"2015","Glenelg",2966,19722,150.390426934388
"2015","Golden Plains",5533,21388,258.696465307649
"2015","Greater Bendigo",27510,109908,250.300251119118
"2015","Greater Dandenong",29826,156061,191.117575819712
"2015","Greater Geelong",45000,232926,193.194405090029
"2015","Greater Shepparton",14172.4502,64489,219.765389446262
"2015","Hepburn",2203,15334,143.66766662319
"2015","Hindmarsh",1486,5808,255.853994490358
"2015","Hobsons Bay",18669.3809,91674,203.649681480027
"2015","Horsham",5558,19792,280.820533548909
"2015","Hume",42755.8789,198176,215.747007205716
"2015","Indigo",3130,15922,196.58334380103
"2015","Kingston",30480,156244,195.079491052456
"2015","Knox",28308,158700,178.374291115312
"2015","Latrobe",14902,74266,200.65709746048
"2015","Loddon",1746.5699,7531,231.917394768291
"2015","Macedon Ranges",8408.6602,46373,181.326638345589
"2015","Manningham",22015.7207,120785,182.27197665273
"2015","Mansfield",2423.3799,8530,284.10080890973
"2015","Maribyrnong",19504.2793,84783,230.049412028355
"2015","Maroondah",20147,113023,178.255753253763
"2015","Melbourne",26418.1309,136872,193.01340595593
"2015","Melton",23518,134915,174.31716265797
"2015","Mildura",10980.75,54156,202.761466873477
"2015","Mitchell",7470,40264,185.525531492152
"2015","Moira",4841,29288,165.289538377492
"2015","Monash",32121,189174,169.79606076945
"2015","Moonee Valley",23552,120231,195.889579226655
"2015","Moorabool",5143.3198,31748,162.004529419176
"2015","Moreland",29556.6992,167870,176.068977184726
"2015","Mornington Peninsula",30012.8398,158831,188.96084391586
"2015","Mount Alexander",2927,18794,155.741193998084
"2015","Moyne",1860,16591,112.108974745344
"2015","Murrindindi",2366,13848,170.854997111496
"2015","Nillumbik",6184,63675,97.1181782489203
"2015","Northern Grampians",2388,11644,205.084163517692
"2015","Port Phillip",21302,106381,200.242524510956
"2015","Pyrenees",1812,7179,252.402841621396
"2015","Queenscliffe",1302.12,2933,443.954994885782
"2015","South Gippsland",4149,28781,144.157603974845
"2015","Southern Grampians",3500,16162,216.557356762777
"2015","Stonnington",24347,108028,225.376754174844
"2015","Strathbogie",1825,10175,179.361179361179
"2015","Surf Coast",5972,29625,201.586497890295
"2015","Swan Hill",3892,20893,186.282486957354
"2015","Towong",1892,6005,315.070774354704
"2015","Wangaratta",7417.98,28143,263.581707707067
"2015","Warrnambool",5839,34005,171.710042640788
"2015","Wellington",7165,43172,165.96405077365
"2015","West Wimmera",901,3974,226.723704076497
"2015","Whitehorse",28682,166679,172.079266134306
"2015","Whittlesea",39457,196847,200.44501567207
"2015","Wodonga",7957,39223,202.865665553374
"2015","Wyndham",41834,213815,195.655122418914
"2015","Yarra",15342,89923,170.612635254607
"2015","Yarra Ranges",29574,153391,192.801402950629
"2015","Yarriambiack",1760,6826,257.837679460885
"2016","Alpine",1578.1,12578,125.465097789792
"2016","Ararat",2290,11745,194.976585781183
"2016","Ballarat",23122.6602,103500,223.407344927536
"2016","Banyule",20700,127447,162.4204571312
"2016","Bass Coast",8358.4199,33464,249.773484939039
"2016","Baw Baw",8713,49296,176.748620577734
"2016","Bayside",21176.75,102912,205.775322605721
"2016","Benalla",2076,13982,148.47661278787
"2016","Boroondara",37112,177276,209.345878742751
"2016","Brimbank",42702,204190,209.128752632352
"2016","Buloke",2641,6284,420.273711012094
"2016","Campaspe",7929,37595,210.90570554595
"2016","Cardinia",17851,97573,182.950201387679
"2016","Casey",55011,312789,175.872553062927
"2016","Central Goldfields",2355,13087,179.94956827386
"2016","Colac Otway",4826.6299,21362,225.944663421028
"2016","Corangamite",1776,16243,109.339407744875
"2016","Darebin",26865,155126,173.181800600802
"2016","East Gippsland",7517,45600,164.84649122807
"2016","Frankston",25261,139502,181.079841149231
"2016","Gannawarra",2489,10567,235.544620043532
"2016","Glen Eira",31015,148583,208.738550170612
"2016","Glenelg",2966,19759,150.108811174655
"2016","Golden Plains",4060,22016,184.411337209302
"2016","Greater Bendigo",27252,112267,242.742747200869
"2016","Greater Dandenong",29454,160222,183.832432499906
"2016","Greater Geelong",45000,239529,187.868692308656
"2016","Greater Shepparton",17117.6504,65072,263.057081386772
"2016","Hepburn",2611,15525,168.180354267311
"2016","Hindmarsh",1093,5784,188.969571230982
"2016","Hobsons Bay",18847.5605,93445,201.696832361282
"2016","Horsham",5598.21,19884,281.543452021726
"2016","Hume",44222.1602,207041,213.591318627711
"2016","Indigo",2040,16165,126.198577172904
"2016","Kingston",31102,158941,195.682674703192
"2016","Knox",28671,160353,178.799274101514
"2016","Latrobe",15115,74622,202.554206534266
"2016","Loddon",2983,7558,394.681132574755
"2016","Macedon Ranges",8782,47480,184.962089300758
"2016","Manningham",21686.9805,122570,176.935469527617
"2016","Mansfield",2437.53,8674,281.015679040812
"2016","Maribyrnong",18556,86942,213.429642750339
"2016","Maroondah",20700,114800,180.313588850174
"2016","Melbourne",21051.8594,146096,144.09606970759
"2016","Melton",25076.2598,141420,177.31763399802
"2016","Mildura",11290.6201,54658,206.568482198397
"2016","Mitchell",7667.52,41795,183.45543725326
"2016","Moira",4513,29486,153.055687444889
"2016","Monash",32389,192625,168.145360155743
"2016","Moonee Valley",24169,122871,196.702232422622
"2016","Moorabool",5972.9502,32672,182.815566846229
"2016","Moreland",30425,172294,176.587693129186
"2016","Mornington Peninsula",30692.4199,161528,190.013000222872
"2016","Mount Alexander",3131.4199,19097,163.974441011677
"2016","Moyne",1957,16737,116.926569875127
"2016","Murrindindi",2471.8301,14052,175.905927981782
"2016","Nillumbik",6423.52,64174,100.095365724437
"2016","Northern Grampians",2385,11570,206.136560069144
"2016","Port Phillip",21458,108627,197.53836523148
"2016","Pyrenees",1823,7316,249.179879715692
"2016","Queenscliffe",1116,2929,381.017412086036
"2016","South Gippsland",3900,29122,133.919373669391
"2016","Southern Grampians",2127,16123,131.923339328909
"2016","Stonnington",24377,111003,219.60667729701
"2016","Strathbogie",971,10357,93.753017282997
"2016","Surf Coast",6290,30465,206.466436894797
"2016","Swan Hill",3959,20896,189.462098009188
"2016","Towong",1726,6046,285.478001984783
"2016","Wangaratta",5088,28592,177.951874650252
"2016","Warrnambool",6273,34242,183.196074995619
"2016","Wellington",7264,43530,166.873420629451
"2016","West Wimmera",883,3937,224.282448564897
"2016","Whitehorse",28773,169641,169.611119953313
"2016","Whittlesea",35167,207058,169.841300505172
"2016","Wodonga",4458.1602,40100,111.176064837905
"2016","Wyndham",43899,227008,193.380850014096
"2016","Yarra",15777,92894,169.838740930523
"2016","Yarra Ranges",29943,155226,192.899385412238
"2016","Yarriambiack",1768,6743,262.197834791636
"2017","Alpine",1650,12638,130.558632695047
"2017","Ararat",2812,11756,239.19700578428
"2017","Ballarat",20035,105422,190.045721007
"2017","Banyule",20055,129115,155.326646787747
"2017","Bass Coast",8708.0703,34386,253.244643168731
"2017","Baw Baw",8934,50676,176.296471702581
"2017","Bayside",20370,104282,195.33572428607
"2017","Benalla",1927.28,13974,137.918992414484
"2017","Boroondara",39756,179677,221.263712105612
"2017","Brimbank",43242,206997,208.901578283743
"2017","Buloke",2657,6205,428.203062046736
"2017","Campaspe",8286,37597,220.389924728037
"2017","Cardinia",18666,102403,182.279816021015
"2017","Casey",56512.4805,326771,172.942153679488
"2017","Central Goldfields",2370,13148,180.255552175236
"2017","Colac Otway",5222.98,21430,243.722818478768
"2017","Corangamite",1889,16210,116.533004318322
"2017","Darebin",27495,158751,173.195759396791
"2017","East Gippsland",8190.52,46136,177.529911565805
"2017","Frankston",25354,140718,180.175954746372
"2017","Gannawarra",2370,10569,224.240703945501
"2017","Glen Eira",30706,151457,202.737410618195
"2017","Glenelg",3020,19692,153.361771277676
"2017","Golden Plains",4314,22568,191.155618574973
"2017","Greater Bendigo",24100,114091,211.234891446302
"2017","Greater Dandenong",29097.4395,163518,177.946400396287
"2017","Greater Geelong",47211,245728,192.127067326475
"2017","Greater Shepparton",14500,65554,221.191689294322
"2017","Hepburn",3688,15629,235.971591272634
"2017","Hindmarsh",1658,5718,289.961525008744
"2017","Hobsons Bay",19330,95071,203.321727971726
"2017","Horsham",5877,19885,295.549409102338
"2017","Hume",48640,215238,225.982400877169
"2017","Indigo",2113,16333,129.369987142595
"2017","Kingston",30635,161051,190.219247319172
"2017","Knox",28782,161827,177.856599949329
"2017","Latrobe",15118,74908,201.820900304373
"2017","Loddon",2672,7507,355.934461169575
"2017","Macedon Ranges",9180,48422,189.583247284292
"2017","Manningham",20946.0195,124270,168.552502615273
"2017","Mansfield",2418,8796,274.897680763984
"2017","Maribyrnong",17602,89362,196.974105324411
"2017","Maroondah",20728,116321,178.196542326837
"2017","Melbourne",25923.5996,159141,162.897051042786
"2017","Melton",28521.6309,148618,191.912358529922
"2017","Mildura",11584.3398,55142,210.081966559066
"2017","Mitchell",7951.3799,42903,185.333890403934
"2017","Moira",4593,29652,154.8968029138
"2017","Monash",32382,196922,164.440743035313
"2017","Moonee Valley",24457,125411,195.014791365989
"2017","Moorabool",5758.9399,33442,172.206802822798
"2017","Moreland",30559,176974,172.675082215467
"2017","Mornington Peninsula",31394,163834,191.620786894051
"2017","Mount Alexander",3101.55,19297,160.72705601907
"2017","Moyne",1985.62,16793,118.240933722384
"2017","Murrindindi",2638,14234,185.330897850218
"2017","Nillumbik",7473,64618,115.648890402055
"2017","Northern Grampians",2607.0701,11517,226.367118173135
"2017","Port Phillip",21556,110656,194.801908617698
"2017","Pyrenees",1890,7358,256.863278064691
"2017","Queenscliffe",1032,2959,348.766475160527
"2017","South Gippsland",3963,29321,135.159100985642
"2017","Southern Grampians",2484,16123,154.065620542083
"2017","Stonnington",22275,113772,195.786309461027
"2017","Strathbogie",1002,10484,95.5742083174361
"2017","Surf Coast",6526,31347,208.185791303793
"2017","Swan Hill",4065,20847,194.992085192114
"2017","Towong",1734,6039,287.133631395926
"2017","Wangaratta",4783,28853,165.771323605864
"2017","Warrnambool",5877,34569,170.007810466024
"2017","Wellington",7093,43801,161.936942078948
"2017","West Wimmera",902,3894,231.638418079096
"2017","Whitehorse",28565,173263,164.864974056781
"2017","Whittlesea",35194,215686,163.172389492132
"2017","Wodonga",4584,40812,112.319905910026
"2017","Wyndham",45511,241071,188.786705991181
"2017","Yarra",15678,95994,163.322707669229
"2017","Yarra Ranges",30400,156869,193.792272533133
"2017","Yarriambiack",1819,6684,272.142429682825
"2018","Alpine",1722,12730,135.271013354281
"2018","Ararat",2707,11795,229.50402713014
"2018","Ballarat",20414.2793,107324,190.211688904625
"2018","Banyule",21349,130250,163.907869481766
"2018","Bass Coast",4889,35326,138.396648360981
"2018","Baw Baw",9256.1797,52012,177.962387525956
"2018","Bayside",20957,105745,198.184311314956
"2018","Benalla",2073,14023,147.828567353633
"2018","Boroondara",35732,181376,197.00511644319
"2018","Brimbank",42742,208744,204.757981067719
"2018","Buloke",2185,6183,353.388322820637
"2018","Campaspe",7893,37590,209.976057462091
"2018","Cardinia",18842.8008,107117,175.908593407209
"2018","Casey",58557.2188,340443,172.003004320841
"2018","Central Goldfields",2280,13208,172.622652937614
"2018","Colac Otway",5443.9502,21502,253.183434099154
"2018","Corangamite",1776,16139,110.043992812442
"2018","Darebin",26133,161653,161.661088875554
"2018","East Gippsland",8012.9102,46816,171.157514524949
"2018","Frankston",25253,141847,178.029849062723
"2018","Gannawarra",2313,10546,219.324862507112
"2018","Glen Eira",29979,153920,194.77001039501
"2018","Glenelg",3352,19664,170.46379170057
"2018","Golden Plains",4270,23118,184.704559217925
"2018","Greater Bendigo",23036,116041,198.516041743866
"2018","Greater Dandenong",29799.1406,166140,179.361626339232
"2018","Greater Geelong",48324,252229,191.58780314714
"2018","Greater Shepparton",13499.8096,66008,204.517779663071
"2018","Hepburn",3826,15812,241.968125474323
"2018","Hindmarsh",1097,5644,194.365698086464
"2018","Hobsons Bay",19272,96481,199.749173412382
"2018","Horsham",5706.8999,19874,287.154065613364
"2018","Hume",46344,224423,206.502898544267
"2018","Indigo",2307.1001,16489,139.917526836073
"2018","Kingston",28789,163452,176.131218951129
"2018","Knox",28508,163212,174.668529274808
"2018","Latrobe",15045.2803,75209,200.046275046869
"2018","Loddon",2841,7513,378.144549447624
"2018","Macedon Ranges",8983.2002,49387,181.894024743353
"2018","Manningham",20535.4805,125535,163.583705739435
"2018","Mansfield",2404.1001,8979,267.746976277982
"2018","Maribyrnong",19300,91413,211.129708028399
"2018","Maroondah",20327,117505,172.988383473044
"2018","Melbourne",29316.3594,170317,172.12820446579
"2018","Melton",27200,156718,173.56015263084
"2018","Mildura",11517.0596,55516,207.45478060379
"2018","Mitchell",8181,44298,184.681023973994
"2018","Moira",4496,29797,150.887673255697
"2018","Monash",32486,200212,162.258006513096
"2018","Moonee Valley",24950.0898,127906,195.06582802996
"2018","Moorabool",5935.6802,34156,173.781479095913
"2018","Moreland",30393,181780,167.196611288371
"2018","Mornington Peninsula",31776.0996,165823,191.626611507451
"2018","Mount Alexander",3118.0801,19514,159.786824843702
"2018","Moyne",2003.46,16887,118.639189909398
"2018","Murrindindi",2666.75,14478,184.193258737395
"2018","Nillumbik",7786,64941,119.893441739425
"2018","Northern Grampians",2477.6201,11430,216.764663167104
"2018","Port Phillip",21014,113265,185.529510440118
"2018","Pyrenees",1049.4,7353,142.717258261934
"2018","Queenscliffe",997,2982,334.339369550637
"2018","South Gippsland",4122.3999,29575,139.387993237532
"2018","Southern Grampians",2510,16134,155.57208379819
"2018","Stonnington",22095,116281,190.01384577016
"2018","Strathbogie",997,10644,93.6677940623826
"2018","Surf Coast",6576,32252,203.894332134441
"2018","Swan Hill",5103,20760,245.809248554913
"2018","Towong",1850,6054,305.583085563264
"2018","Wangaratta",4700.6201,29086,161.611087808568
"2018","Warrnambool",6418,34863,184.092017324958
"2018","Wellington",7013,44017,159.324806324829
"2018","West Wimmera",881.6,3862,228.275504919731
"2018","Whitehorse",28223,176273,160.109602718511
"2018","Whittlesea",45489,223347,203.669626187054
"2018","Wodonga",4708,41429,113.64020372203
"2018","Wyndham",47200,255367,184.832026064448
"2018","Yarra",15452,98567,156.76646342082
"2018","Yarra Ranges",30154,158171,190.641773776482
"2018","Yarriambiack",1797,6658,269.900871132472
"2019","Alpine",2204,12814,171.999375682847
"2019","Ararat",2600.9199,11845,219.579560996201
"2019","Ballarat",19438.6602,109505,177.513905301128
"2019","Banyule",20742,131631,157.576862593158
"2019","Bass Coast",4437,36320,122.1640969163
"2019","Baw Baw",9532.8203,53396,178.530607161585
"2019","Bayside",20131.4004,106862,188.386895248077
"2019","Benalla",2036,14037,145.045237586379
"2019","Boroondara",35798,183199,195.404996752166
"2019","Brimbank",42742,209523,203.996697259967
"2019","Buloke",2176,6124,355.32331809275
"2019","Campaspe",7576,37622,201.371537929935
"2019","Cardinia",19852.4102,112159,177.002382332225
"2019","Casey",61906,353872,174.938960980241
"2019","Central Goldfields",2289,13186,173.593204914303
"2019","Colac Otway",5164.9702,21564,239.518187720275
"2019","Corangamite",1785,16020,111.423220973783
"2019","Darebin",25826,164184,157.299127807825
"2019","East Gippsland",6776,47316,143.207371713585
"2019","Frankston",24796,142643,173.83257502997
"2019","Gannawarra",2142,10472,204.545454545455
"2019","Glen Eira",27933,156511,178.473078569557
"2019","Glenelg",3473.0801,19674,176.531467927214
"2019","Golden Plains",4416,23722,186.156310597757
"2019","Greater Bendigo",22422,118093,189.867307969143
"2019","Greater Dandenong",29222.2402,168201,173.734045576423
"2019","Greater Geelong",45000,258934,173.789459862359
"2019","Greater Shepparton",13166.0098,66498,197.991064392914
"2019","Hepburn",4865,15975,304.538341158059
"2019","Hindmarsh",1544,5588,276.30637079456
"2019","Hobsons Bay",19565,97751,200.151405100715
"2019","Horsham",5489.8398,19921,275.580533105768
"2019","Hume",47386,233471,202.963108908601
"2019","Indigo",2250.8201,16701,134.771576552302
"2019","Kingston",28765,165782,173.510996368725
"2019","Knox",28032.4199,164538,170.370491315076
"2019","Latrobe",15027,75561,198.872434192242
"2019","Loddon",2349,7504,313.033049040512
"2019","Macedon Ranges",9222.2998,50231,183.597774282813
"2019","Manningham",19648.5195,127573,154.017852523653
"2019","Mansfield",2325.48,9176,253.430688753269
"2019","Maribyrnong",18705,93448,200.164797534458
"2019","Maroondah",20123,118558,169.731270770425
"2019","Melbourne",30182.6895,178955,168.66077784918
"2019","Melton",30000,164895,181.933957973256
"2019","Mildura",11792.4199,55777,211.420834752676
"2019","Mitchell",8252.4404,46082,179.081645761903
"2019","Moira",4503,29925,150.47619047619
"2019","Monash",31697,202847,156.260629932905
"2019","Moonee Valley",24081,130294,184.820482907885
"2019","Moorabool",6171.1899,35049,176.073208936061
"2019","Moreland",29571.1504,185767,159.184087593598
"2019","Mornington Peninsula",31049.4102,167636,185.219226180534
"2019","Mount Alexander",3097.1399,19754,156.785456110155
"2019","Moyne",2084.77,16953,122.973515012092
"2019","Murrindindi",2629.8601,14570,180.498291008922
"2019","Nillumbik",8059,65094,123.805573478354
"2019","Northern Grampians",3500,11402,306.9636905806
"2019","Port Phillip",20700,115601,179.064194946411
"2019","Pyrenees",1797,7472,240.497858672377
"2019","Queenscliffe",1049,2940,356.802721088435
"2019","South Gippsland",4224.5,29914,141.221501638029
"2019","Southern Grampians",2374,16100,147.453416149068
"2019","Stonnington",20650,117768,175.344745601522
"2019","Strathbogie",1003.14,10781,93.0470271774418
"2019","Surf Coast",6489,33456,193.956241032999
"2019","Swan Hill",3931.72,20649,190.407283645697
"2019","Towong",1900,6040,314.569536423841
"2019","Wangaratta",4718.2798,29187,161.656895193065
"2019","Warrnambool",6059,35181,172.223643443904
"2019","Wellington",6897,44380,155.407841369986
"2019","West Wimmera",897.6,3841,233.689143452226
"2019","Whitehorse",27288,178739,152.669534908442
"2019","Whittlesea",54408,230238,236.311990201444
"2019","Wodonga",4770,42083,113.347432454911
"2019","Wyndham",48477,270487,179.221182533726
"2019","Yarra",14428,101495,142.154785950047
"2019","Yarra Ranges",29308,159462,183.793003975869
"2019","Yarriambiack",1782,6639,268.413917758699
